chunking_strategy,mean_recall_at_k,std_recall_at_k,mean_precision_at_k,std_precision_at_k,mean_hit_rate,std_hit_rate,mean_latency_sec
sentence,0.582089552238806,0.49693770511803426,0.14029850746268654,0.15960149377722127,0.582089552238806,0.49693770511803426,0.007276119402985073
fixed,0.417910447761194,0.4969377051180342,0.1044776119402985,0.16089977665473654,0.417910447761194,0.4969377051180342,0.01051194029850746
fixed_overlap,0.3880597014925373,0.49098614066093726,0.11940298507462686,0.1876802616073809,0.3880597014925373,0.49098614066093726,0.00736268656716418
semantic,0.34328358208955223,0.4783886718903729,0.09850746268656715,0.17537193144116275,0.34328358208955223,0.4783886718903729,0.008019402985074626
